<?xml version="1.0"?>
<!DOCTYPE modification SYSTEM "http://www.elkarte.net/site/modification">
<modification xmlns="http://www.elkarte.net/site/modification" xmlns:elk="http://www.elkarte.net/">
<id>vbgamer45:maxchildboarddepth</id>
<version>1.0</version>




<file name="SUBSDIR/BoardsList.class.php">
	<operation>
	<search position="replace"><![CDATA[AND b.child_level BETWEEN ' . $this->_options['base_level'] . ' AND ' . ($this->_options['base_level'] + 1)) . ']]></search>
	<add><![CDATA[AND b.child_level BETWEEN ' . $this->_options['base_level'] . ' AND ' . ($this->_options['base_level'] + $modSettings['boardindex_max_depth'])) . ']]></add>
	</operation>
	
	<operation>
	<search position="replace"><![CDATA[$parent_map[$row_board['id_parent']][1]['topics'] += $row_board['num_topics'];]]></search>
	<add><![CDATA[$parent_map[$row_board['id_parent']][1]['topics'] += $row_board['num_topics'];
	
				/** added by FH in order to also show last posts of grand children at board index **/
				if($parent_map[$row_board['id_parent']][0]['last_post']['timestamp'] < forum_time(true, $row_board['poster_time'])) 
				{
					censorText($row_board['subject']);
					$row_board['short_subject'] = Util::shorten_text($row_board['subject'],$modSettings['subject_length']);
					$this_last_post = array(
						'id' => $row_board['id_msg'],
						'html_time' => $row_board['poster_time'] > 0 ?  htmlTime($row_board['poster_time']) : $txt['not_applicable'],
						'timestamp' => forum_time(true, $row_board['poster_time']),
						'subject' => $row_board['short_subject'],
						'member' => array(
							'id' => $row_board['id_member'],
							'username' => $row_board['poster_name'] != '' ? $row_board['poster_name'] : $txt['not_applicable'],
							'name' => $row_board['real_name'],
							'href' => $row_board['poster_name'] != '' && !empty($row_board['id_member']) ? $this->_scripturl . '?action=profile;u=' . $row_board['id_member'] : '',
							'link' => $row_board['poster_name'] != '' ? (!empty($row_board['id_member']) ? '<a href="' . $this->_scripturl . '?action=profile;u=' . $row_board['id_member'] . '">' . $row_board['real_name'] . '</a>' : $row_board['real_name']) : $txt['not_applicable'],
						),
						'start' => 'msg' . $row_board['new_from'],
						'topic' => $row_board['id_topic']
					);

					// Provide the href and link.
					if ($row_board['subject'] != '')
					{
						$this_last_post['href'] = $this->_scripturl . '?topic=' . $row_board['id_topic'] . '.msg' . ($this->_user['is_guest'] ? $row_board['id_msg'] : $row_board['new_from']) . (empty($row_board['is_read']) ? ';boardseen' : '') . '#new';
						$this_last_post['link'] = '<a href="' . $this_last_post['href'] . '" title="' . $row_board['subject'] . '">' . $row_board['short_subject'] . '</a>';
						
						$this_last_post['last_post_message'] = sprintf($txt['last_post_message'], $this_last_post['member']['link'], $this_last_post['link'], $this_last_post['html_time']);
					}
					else
					{
						$this_last_post['href'] = '';
						$this_last_post['link'] = $txt['not_applicable'];
					}
					
					$parent_map[$row_board['id_parent']][0]['last_post'] = $this_last_post;
				}
				/** end **/
	
	]]></add>
	</operation>	
	
</file>




</modification>