<?xml version="1.0"?>
<!DOCTYPE package-info SYSTEM "http://www.elkarte.net/site/package-info">
<package-info xmlns="http://www.elkarte.net/site/package-info" xmlns:elk="http://www.elkarte.net/">
	<id>vbgamer45:maxchildboarddepth</id>
	<name>Count Child Child Boards Posts</name>
	<type>modification</type>
	<version>1.0</version>

	<install for="1.1-1.1.99">
		<readme>ReadMe.txt</readme>
		<modification type="file">install.xml</modification>
		<require-file name="maxchilddepth.english.php" destination="LANGUAGEDIR/english">The language strings</require-file>
		<require-file name="maxchilddepth.subs.php" destination="SUBSDIR">The hooks</require-file>
		<hook hook="integrate_general_mod_settings" file="SUBSDIR/maxchilddepth.subs.php" function="maxchilddepth_settings" />
		
		
		<code>install.php</code>
	</install>

	<uninstall for="1.1-1.1.99">
		<modification type="file" reverse="true">install.xml</modification>
		
		<hook reverse="true" hook="integrate_general_mod_settings" file="SUBSDIR/maxchilddepth.subs.php" function="maxchilddepth_settings" />
		<remove-file name="LANGUAGEDIR/english/maxchilddepth.english.php" />
		<remove-file name="SUBSDIR/maxchilddepth.subs.php" />
	</uninstall>
	</uninstall>
</package-info>