<?xml version="1.0"?>
<!DOCTYPE package-info SYSTEM "http://www.elkarte.net/site/package-info">

<package-info xmlns="http://www.elkarte.net/site/package-info" xmlns:elk="http://www.elkarte.net/">
	<id>vbgamer45:FeedPoster</id>
	<name>RSS Feed Poster</name>
	<type>modification</type>
	<version>6.1</version>

	
	<install for="1.0 - 1.0.99">
			<redirect url="?action=admin;area=feedsadmin">redirect.txt</redirect>
			<readme>ReadMe.txt</readme>
			<require-file name="FeedPoster.controller.php" destination="SOURCEDIR/admin" />
			<require-file name="rss.subs.php" destination="SUBSDIR" />
			<require-file name="feedposter.integrate.php" destination="SOURCEDIR"  />
			<require-file name="cronrss.php" destination="BOARDDIR" />
			<require-file name="FeedPoster.template.php" destination="THEMEDIR" />
			<require-file name="FeedPoster.english.php" destination="LANGUAGEDIR/english" />
			<require-file name="FeedPoster.english-utf8.php" destination="LANGUAGEDIR/english" />
			<require-file name="HTMLBBC.subs.php" destination="SUBSDIR" />
			<code>FeedPostersql.php</code>

			<hook hook="integrate_bbc_codes" file="SUBSDIR/HTMLBBC.subs.php" function="HTMLBBC::bbc_codes" />
			<hook hook="integrate_preparse_code" file="SUBSDIR/HTMLBBC.subs.php" function="HTMLBBC::preparse_code" />
			<hook hook="integrate_unpreparse_code" file="SUBSDIR/HTMLBBC.subs.php" function="HTMLBBC::unpreparse_code" />

			<hook hook="integrate_admin_areas" function="feedposter_integrate_admin_areas" file="SOURCEDIR/feedposter.integrate.php" />
			<hook hook="integrate_actions" function="feedposter_integrate_actions" file="SOURCEDIR/feedposter.integrate.php" />
			<hook hook="integrate_autotask_include" function="SUBSDIR/rss.subs.php" />
			
		</install>

	<upgrade from="all" for="1.0 - 1.0.99">
			<redirect url="?action=admin;area=feedsadmin">redirect.txt</redirect>
			<readme>ReadMe.txt</readme>
			<require-file name="FeedPoster.controller.php" destination="SOURCEDIR/admin" />
			<require-file name="rss.subs.php" destination="SUBSDIR" />
			<require-file name="feedposter.integrate.php" destination="SOURCEDIR"  />
			<require-file name="cronrss.php" destination="BOARDDIR" />
			<require-file name="FeedPoster.template.php" destination="THEMEDIR" />
			<require-file name="FeedPoster.english.php" destination="LANGUAGEDIR/english" />
			<require-file name="FeedPoster.english-utf8.php" destination="LANGUAGEDIR/english" />
			<require-file name="HTMLBBC.subs.php" destination="SUBSDIR" />
			<code>FeedPostersql.php</code>
			<hook hook="integrate_bbc_codes" file="SUBSDIR/HTMLBBC.subs.php" function="HTMLBBC::bbc_codes" />
			<hook hook="integrate_preparse_code" file="SUBSDIR/HTMLBBC.subs.php" function="HTMLBBC::preparse_code" />
			<hook hook="integrate_unpreparse_code" file="SUBSDIR/HTMLBBC.subs.php" function="HTMLBBC::unpreparse_code" />
			<hook hook="integrate_admin_areas" function="feedposter_integrate_admin_areas" file="SOURCEDIR/feedposter.integrate.php" />
			<hook hook="integrate_actions" function="feedposter_integrate_actions" file="SOURCEDIR/feedposter.integrate.php" />
			<hook hook="integrate_autotask_include" function="SUBSDIR/rss.subs.php" />
		
	</upgrade>
		
		
	
		<uninstall for="1.0 - 1.0.99">
			<hook reverse="true" hook="integrate_admin_areas" function="feedposter_integrate_admin_areas" file="SOURCEDIR/feedposter.integrate.php" />
			<hook reverse="true" hook="integrate_actions" function="feedposter_integrate_actions" file="SOURCEDIR/feedposter.integrate.php" />
			<hook reverse="true" hook="integrate_autotask_include" function="SUBSDIR/rss.subs.php" />
			<hook reverse="true" hook="integrate_bbc_codes" file="SUBSDIR/HTMLBBC.subs.php" function="HTMLBBC::bbc_codes" />
			<hook reverse="true" hook="integrate_preparse_code" file="SUBSDIR/HTMLBBC.subs.php" function="HTMLBBC::preparse_code" />
			<hook reverse="true" hook="integrate_unpreparse_code" file="SUBSDIR/HTMLBBC.subs.php" function="HTMLBBC::unpreparse_code" />
			<remove-file name="SOURCEDIR/feedposter.integrate.php" />
			<remove-file name="SUBSDIR/HTMLBBC.subs.php" />
			<remove-file name="SOURCEDIR/admin/FeedPoster.controller.php" />
			<remove-file name="SUBSDIR/rss.subs.php" />
			<remove-file name="BOARDDIR/cronrss.php" />
			<remove-file name="THEMEDIR/FeedPoster.template.php" />
			<remove-file name="LANGUAGEDIR/english/FeedPoster.english.php" />
			<remove-file name="LANGUAGEDIR/english/FeedPoster.english-utf8.php" />
		
	</uninstall>




	<install for="1.1 - 1.1.99">
			<redirect url="?action=admin;area=feedsadmin">redirect.txt</redirect>
			<readme>ReadMe.txt</readme>
			<require-file name="FeedPoster.controller.php" destination="SOURCEDIR/admin" />
			<require-file name="rss.subs.php" destination="SUBSDIR" />
			<require-file name="feedposter.integrate.php" destination="SOURCEDIR"  />
			<require-file name="cronrss.php" destination="BOARDDIR" />
			<require-file name="FeedPoster.template.php" destination="THEMEDIR" />
			<require-file name="FeedPoster.english.php" destination="LANGUAGEDIR/english" />
			<require-file name="FeedPoster.english-utf8.php" destination="LANGUAGEDIR/english" />
			<require-file name="HTMLBBC.subs.php" destination="SUBSDIR" />
			<code>FeedPostersql.php</code>

			<hook hook="integrate_bbc_codes" file="SUBSDIR/HTMLBBC.subs.php" function="HTMLBBC::bbc_codes" />
			<hook hook="integrate_preparse_code" file="SUBSDIR/HTMLBBC.subs.php" function="HTMLBBC::preparse_code" />
			<hook hook="integrate_unpreparse_code" file="SUBSDIR/HTMLBBC.subs.php" function="HTMLBBC::unpreparse_code2" />

			<hook hook="integrate_admin_areas" function="feedposter_integrate_admin_areas" file="SOURCEDIR/feedposter.integrate.php" />
			<hook hook="integrate_actions" function="feedposter_integrate_actions" file="SOURCEDIR/feedposter.integrate.php" />
			<hook hook="integrate_autotask_include" function="SUBSDIR/rss.subs.php" />
			
		</install>

	<upgrade from="all" for="1.1 - 1.1.99">
			<redirect url="?action=admin;area=feedsadmin">redirect.txt</redirect>
			<readme>ReadMe.txt</readme>
			<require-file name="FeedPoster.controller.php" destination="SOURCEDIR/admin" />
			<require-file name="rss.subs.php" destination="SUBSDIR" />
			<require-file name="feedposter.integrate.php" destination="SOURCEDIR"  />
			<require-file name="cronrss.php" destination="BOARDDIR" />
			<require-file name="FeedPoster.template.php" destination="THEMEDIR" />
			<require-file name="FeedPoster.english.php" destination="LANGUAGEDIR/english" />
			<require-file name="FeedPoster.english-utf8.php" destination="LANGUAGEDIR/english" />
			<require-file name="HTMLBBC.subs.php" destination="SUBSDIR" />
			<code>FeedPostersql.php</code>
			<hook hook="integrate_bbc_codes" file="SUBSDIR/HTMLBBC.subs.php" function="HTMLBBC::bbc_codes" />
			<hook hook="integrate_preparse_code" file="SUBSDIR/HTMLBBC.subs.php" function="HTMLBBC::preparse_code" />
			<hook hook="integrate_unpreparse_code" file="SUBSDIR/HTMLBBC.subs.php" function="HTMLBBC::unpreparse_code2" />
			<hook hook="integrate_admin_areas" function="feedposter_integrate_admin_areas" file="SOURCEDIR/feedposter.integrate.php" />
			<hook hook="integrate_actions" function="feedposter_integrate_actions" file="SOURCEDIR/feedposter.integrate.php" />
			<hook hook="integrate_autotask_include" function="SUBSDIR/rss.subs.php" />
		
	</upgrade>
		
		
	
		<uninstall for="1.1 - 1.1.99">
			<hook reverse="true" hook="integrate_admin_areas" function="feedposter_integrate_admin_areas" file="SOURCEDIR/feedposter.integrate.php" />
			<hook reverse="true" hook="integrate_actions" function="feedposter_integrate_actions" file="SOURCEDIR/feedposter.integrate.php" />
			<hook reverse="true" hook="integrate_autotask_include" function="SUBSDIR/rss.subs.php" />
			<hook reverse="true" hook="integrate_bbc_codes" file="SUBSDIR/HTMLBBC.subs.php" function="HTMLBBC::bbc_codes" />
			<hook reverse="true" hook="integrate_preparse_code" file="SUBSDIR/HTMLBBC.subs.php" function="HTMLBBC::preparse_code" />
			<hook reverse="true" hook="integrate_unpreparse_code" file="SUBSDIR/HTMLBBC.subs.php" function="HTMLBBC::unpreparse_code2" />
			<remove-file name="SOURCEDIR/feedposter.integrate.php" />
			<remove-file name="SUBSDIR/HTMLBBC.subs.php" />
			<remove-file name="SOURCEDIR/admin/FeedPoster.controller.php" />
			<remove-file name="SUBSDIR/rss.subs.php" />
			<remove-file name="BOARDDIR/cronrss.php" />
			<remove-file name="THEMEDIR/FeedPoster.template.php" />
			<remove-file name="LANGUAGEDIR/english/FeedPoster.english.php" />
			<remove-file name="LANGUAGEDIR/english/FeedPoster.english-utf8.php" />
		
	</uninstall>



</package-info>